,Metrics,Value
0,Mean Return,5.416848347410911e-05
1,Volatility,1.3562517962553637e-20
2,Max_Close,183.5446014404297
3,Min_Close,170.25030517578125
